{
  "geometry": "skinpacks/skins.json",
  "skins": [
	{
      "localization_name": "Sl§4Skin1",
      "geometry": "geometry.humanoid.custom",
      "texture": "Skin1.png",
      "type": "free"
    },
	{
      "localization_name": "Sl§4Skin2",
      "geometry": "geometry.humanoid.custom",
      "texture": "Skin2.png",
      "type": "free"
    },
    {
      "localization_name": "Sl§4Skin3",
      "geometry": "geometry.humanoid.custom",
      "texture": "Skin3.png",
      "type": "free"
    },
    {
      "localization_name": "Sl§4Skin4",
      "geometry": "geometry.humanoid.custom",
      "texture": "Skin4.png",
      "type": "free"
    },
    {
      "localization_name": "Sl§4Skin5",
      "geometry": "geometry.humanoid.custom",
      "texture": "Skin5.png",
      "type": "free"
    },
    {
      "localization_name": "Sl§4Skin6",
      "geometry": "geometry.humanoid.custom",
      "texture": "Skin6.png",
      "type": "free"
    },
    {
      "localization_name": "Sl§4Skin7",
      "geometry": "geometry.humanoid.custom",
      "texture": "Skin7.png",
      "type": "free"
    },
    {
      "localization_name": "Sl§4Skin8",
      "geometry": "geometry.humanoid.custom",
      "texture": "Skin8.png",
      "type": "free"
    },
    {
      "localization_name": "Sl§4Skin9",
      "geometry": "geometry.humanoid.custom",
      "texture": "Skin9.png",
      "type": "free"
    },
    {
      "localization_name": "Sl§4Skin10",
      "geometry": "geometry.humanoid.custom",
      "texture": "Skin10.png",
      "type": "free"
    },
    {
      "localization_name": "Sl§4Skin11",
      "geometry": "geometry.humanoid.custom",
      "texture": "Skin11.png",
      "type": "free"
    },
    {
      "localization_name": "Sl§4Skin12",
      "geometry": "geometry.humanoid.custom",
      "texture": "Skin12.png",
      "type": "free"
    },
    {
      "localization_name": "Sl§4Skin13",
      "geometry": "geometry.humanoid.custom",
      "texture": "Skin13.png",
      "type": "free"
    },
    {
      "localization_name": "Sl§4Skin14",
      "geometry": "geometry.humanoid.custom",
      "texture": "Skin14.png",
      "type": "free"
    },
    {
      "localization_name": "Sl§4Skin15",
      "geometry": "geometry.humanoid.custom",
      "texture": "Skin15.png",
      "type": "free"
    },
    {
      "localization_name": "Sl§4Skin16",
      "geometry": "geometry.humanoid.custom",
      "texture": "Skin16.png",
      "type": "free"
    },
	{
      "localization_name": "Sl§4Skin17",
      "geometry": "geometry.humanoid.custom",
      "texture": "Skin17.png",
      "type": "free"
    },
    {
      "localization_name": "Sl§4Skin18",
      "geometry": "geometry.humanoid.custom",
      "texture": "Skin18.png",
      "type": "free"
    },
    {
      "localization_name": "Sl§4Skin19",
      "geometry": "geometry.humanoid.custom",
      "texture": "Skin19.png",
      "type": "free"
    },
    {
      "localization_name": "Sl§4Skin20",
      "geometry": "geometry.humanoid.custom",
      "texture": "Skin20.png",
      "type": "free"
    },
    {
      "localization_name": "Sl§4Skin21",
      "geometry": "geometry.humanoid.custom",
      "texture": "Skin21.png",
      "type": "free"
    },
    {
      "localization_name": "Sl§4Skin22",
      "geometry": "geometry.humanoid.custom",
      "texture": "Skin22.png",
      "type": "free"
    },
    {
      "localization_name": "Sl§4Skin23",
      "geometry": "geometry.humanoid.custom",
      "texture": "Skin23.png",
      "type": "free"
    },
    {
      "localization_name": "Sl§4Skin24",
      "geometry": "geometry.humanoid.custom",
      "texture": "Skin24.png",
      "type": "free"
    },
    {
      "localization_name": "Sl§4Skin25",
      "geometry": "geometry.humanoid.custom",
      "texture": "Skin25.png",
      "type": "free"
    }

  ],
  "serialize_name": "Sl§4Leans Custom Skins",
  "localization_name": "Leans Custom Skins"
}